AvgWaitingTime,BedUtilization,BusierTimes
1396,67,2024-12-30T21:41:47.607535400Z (0 patients)2024-12-30T21:42:47.607535400Z (1 patients)2024-12-30T21:42:47.607535400Z (2 patients)2024-12-30T21:42:47.607535400Z (3 patients)2024-12-30T21:43:47.607535400Z (4 patients)2024-12-30T21:43:47.607535400Z (5 patients)2024-12-30T21:43:47.607535400Z (6 patients)2024-12-30T21:44:47.607535400Z (7 patients)2024-12-30T21:45:47.607535400Z (8 patients)2024-12-30T21:46:47.607535400Z (9 patients)2024-12-30T21:47:47.607535400Z (10 patients)2024-12-30T21:48:47.607535400Z (11 patients)2024-12-30T21:49:47.607535400Z (12 patients)2024-12-30T21:50:47.607535400Z (13 patients)2024-12-30T21:51:47.607535400Z (14 patients)2024-12-30T21:52:47.607535400Z (15 patients)2024-12-30T21:53:47.607535400Z (16 patients)2024-12-30T21:54:47.607535400Z (17 patients)2024-12-30T21:55:47.607535400Z (18 patients)2024-12-30T21:56:47.607535400Z (19 patients)2024-12-30T21:57:47.607535400Z (20 patients)2024-12-30T21:58:47.607535400Z (21 patients)2024-12-30T21:59:47.607535400Z (22 patients)2024-12-30T22:00:47.607535400Z (23 patients)2024-12-30T22:01:47.607535400Z (24 patients)2024-12-30T22:02:47.607535400Z (25 patients)2024-12-30T22:03:47.607535400Z (26 patients)
AvgWaitingTime,BedUtilization,BusierTimes
898,67,2024-12-30T22:29:32.903384100Z (0 patients)2024-12-30T22:30:32.903384100Z (1 patients)2024-12-30T22:30:32.903384100Z (2 patients)2024-12-30T22:30:32.903384100Z (3 patients)2024-12-30T22:31:32.903384100Z (4 patients)2024-12-30T22:31:32.903384100Z (5 patients)2024-12-30T22:31:32.903384100Z (6 patients)2024-12-30T22:32:32.903384100Z (7 patients)2024-12-30T22:33:32.903384100Z (8 patients)2024-12-30T22:34:32.903384100Z (9 patients)2024-12-30T22:35:32.903384100Z (10 patients)2024-12-30T22:36:32.903384100Z (11 patients)2024-12-30T22:37:32.903384100Z (12 patients)2024-12-30T22:38:32.903384100Z (13 patients)2024-12-30T22:39:32.903384100Z (14 patients)2024-12-30T22:40:32.903384100Z (15 patients)2024-12-30T22:41:32.903384100Z (16 patients)2024-12-30T22:42:32.903384100Z (17 patients)2024-12-30T22:43:32.903384100Z (18 patients)2024-12-30T22:44:32.903384100Z (19 patients)2024-12-30T22:45:32.903384100Z (20 patients)2024-12-30T22:46:32.903384100Z (21 patients)2024-12-30T22:47:32.903384100Z (22 patients)2024-12-30T22:48:32.903384100Z (23 patients)2024-12-30T22:49:32.903384100Z (24 patients)2024-12-30T22:50:32.903384100Z (25 patients)2024-12-30T22:51:32.903384100Z (26 patients)
AvgWaitingTime,BedUtilization,BusierTimes
1082,67,2024-12-30T22:29:33.124393900Z (0 patients)2024-12-30T22:30:33.124393900Z (1 patients)2024-12-30T22:30:33.124393900Z (2 patients)2024-12-30T22:30:33.124393900Z (3 patients)2024-12-30T22:31:33.124393900Z (4 patients)2024-12-30T22:31:33.124393900Z (5 patients)2024-12-30T22:31:33.124393900Z (6 patients)2024-12-30T22:32:33.124393900Z (7 patients)2024-12-30T22:33:33.124393900Z (8 patients)2024-12-30T22:34:33.124393900Z (9 patients)2024-12-30T22:35:33.124393900Z (10 patients)2024-12-30T22:36:33.124393900Z (11 patients)2024-12-30T22:37:33.124393900Z (12 patients)2024-12-30T22:38:33.124393900Z (13 patients)2024-12-30T22:39:33.124393900Z (14 patients)2024-12-30T22:40:33.124393900Z (15 patients)2024-12-30T22:41:33.124393900Z (16 patients)2024-12-30T22:42:33.124393900Z (17 patients)2024-12-30T22:43:33.124393900Z (18 patients)2024-12-30T22:44:33.124393900Z (19 patients)2024-12-30T22:45:33.124393900Z (20 patients)2024-12-30T22:46:33.124393900Z (21 patients)2024-12-30T22:47:33.124393900Z (22 patients)2024-12-30T22:48:33.124393900Z (23 patients)2024-12-30T22:49:33.124393900Z (24 patients)2024-12-30T22:50:33.124393900Z (25 patients)2024-12-30T22:51:33.124393900Z (26 patients)
AvgWaitingTime,BedUtilization,BusierTimes
30,0,No busy times recorded
AvgWaitingTime,BedUtilization,BusierTimes
839,67,2024-12-30T22:37:57.078340200Z (0 patients)2024-12-30T22:38:57.078340200Z (1 patients)2024-12-30T22:38:57.078340200Z (2 patients)2024-12-30T22:38:57.078340200Z (3 patients)2024-12-30T22:39:57.078340200Z (4 patients)2024-12-30T22:39:57.078340200Z (5 patients)2024-12-30T22:39:57.078340200Z (6 patients)2024-12-30T22:40:57.078340200Z (7 patients)2024-12-30T22:41:57.078340200Z (8 patients)2024-12-30T22:42:57.078340200Z (9 patients)2024-12-30T22:43:57.078340200Z (10 patients)2024-12-30T22:44:57.078340200Z (11 patients)2024-12-30T22:45:57.078340200Z (12 patients)2024-12-30T22:46:57.078340200Z (13 patients)2024-12-30T22:47:57.078340200Z (14 patients)2024-12-30T22:48:57.078340200Z (15 patients)2024-12-30T22:49:57.078340200Z (16 patients)2024-12-30T22:50:57.078340200Z (17 patients)2024-12-30T22:51:57.078340200Z (18 patients)2024-12-30T22:52:57.078340200Z (19 patients)2024-12-30T22:53:57.078340200Z (20 patients)2024-12-30T22:54:57.078340200Z (21 patients)2024-12-30T22:55:57.078340200Z (22 patients)2024-12-30T22:56:57.078340200Z (23 patients)2024-12-30T22:57:57.078340200Z (24 patients)2024-12-30T22:58:57.078340200Z (25 patients)2024-12-30T22:59:57.078340200Z (26 patients)
AvgWaitingTime,BedUtilization,BusierTimes
1043,67,2024-12-30T22:40:59.830300500Z (0 patients)2024-12-30T22:41:59.830300500Z (1 patients)2024-12-30T22:41:59.830300500Z (2 patients)2024-12-30T22:41:59.830300500Z (3 patients)2024-12-30T22:42:59.830300500Z (4 patients)2024-12-30T22:42:59.830300500Z (5 patients)2024-12-30T22:42:59.830300500Z (6 patients)2024-12-30T22:43:59.830300500Z (7 patients)2024-12-30T22:44:59.830300500Z (8 patients)2024-12-30T22:45:59.830300500Z (9 patients)2024-12-30T22:46:59.830300500Z (10 patients)2024-12-30T22:47:59.830300500Z (11 patients)2024-12-30T22:48:59.830300500Z (12 patients)2024-12-30T22:49:59.830300500Z (13 patients)2024-12-30T22:50:59.830300500Z (14 patients)2024-12-30T22:51:59.830300500Z (15 patients)2024-12-30T22:52:59.830300500Z (16 patients)2024-12-30T22:53:59.830300500Z (17 patients)2024-12-30T22:54:59.830300500Z (18 patients)2024-12-30T22:55:59.830300500Z (19 patients)2024-12-30T22:56:59.830300500Z (20 patients)2024-12-30T22:57:59.830300500Z (21 patients)2024-12-30T22:58:59.830300500Z (22 patients)2024-12-30T22:59:59.830300500Z (23 patients)2024-12-30T23:00:59.830300500Z (24 patients)2024-12-30T23:01:59.830300500Z (25 patients)2024-12-30T23:02:59.830300500Z (26 patients)
AvgWaitingTime,BedUtilization,BusierTimes
1134,67,2024-12-30T22:55:12.562944200Z (0 patients)2024-12-30T22:56:12.562944200Z (1 patients)2024-12-30T22:56:12.562944200Z (2 patients)2024-12-30T22:56:12.562944200Z (3 patients)2024-12-30T22:57:12.562944200Z (4 patients)2024-12-30T22:57:12.562944200Z (5 patients)2024-12-30T22:57:12.562944200Z (6 patients)2024-12-30T22:58:12.562944200Z (7 patients)2024-12-30T22:59:12.562944200Z (8 patients)2024-12-30T23:00:12.562944200Z (9 patients)2024-12-30T23:01:12.562944200Z (10 patients)2024-12-30T23:02:12.562944200Z (11 patients)2024-12-30T23:03:12.562944200Z (12 patients)2024-12-30T23:04:12.562944200Z (13 patients)2024-12-30T23:05:12.562944200Z (14 patients)2024-12-30T23:06:12.562944200Z (15 patients)2024-12-30T23:07:12.562944200Z (16 patients)2024-12-30T23:08:12.562944200Z (17 patients)2024-12-30T23:09:12.562944200Z (18 patients)2024-12-30T23:10:12.562944200Z (19 patients)2024-12-30T23:11:12.562944200Z (20 patients)2024-12-30T23:12:12.562944200Z (21 patients)2024-12-30T23:13:12.562944200Z (22 patients)2024-12-30T23:14:12.562944200Z (23 patients)2024-12-30T23:15:12.562944200Z (24 patients)2024-12-30T23:16:12.562944200Z (25 patients)2024-12-30T23:17:12.562944200Z (26 patients)
AvgWaitingTime,BedUtilization,BusierTimes
876,67,2024-12-31T03:50:38.656967200Z (0 patients)2024-12-31T03:51:38.656967200Z (1 patients)2024-12-31T03:51:38.656967200Z (2 patients)2024-12-31T03:51:38.656967200Z (3 patients)2024-12-31T03:52:38.656967200Z (4 patients)2024-12-31T03:52:38.656967200Z (5 patients)2024-12-31T03:52:38.656967200Z (6 patients)2024-12-31T03:53:38.656967200Z (7 patients)2024-12-31T03:54:38.656967200Z (8 patients)2024-12-31T03:55:38.656967200Z (9 patients)2024-12-31T03:56:38.656967200Z (10 patients)2024-12-31T03:57:38.656967200Z (11 patients)2024-12-31T03:58:38.656967200Z (12 patients)2024-12-31T03:59:38.656967200Z (13 patients)2024-12-31T04:00:38.656967200Z (14 patients)2024-12-31T04:01:38.656967200Z (15 patients)2024-12-31T04:02:38.656967200Z (16 patients)2024-12-31T04:03:38.656967200Z (17 patients)2024-12-31T04:04:38.656967200Z (18 patients)2024-12-31T04:05:38.656967200Z (19 patients)2024-12-31T04:06:38.656967200Z (20 patients)2024-12-31T04:07:38.656967200Z (21 patients)2024-12-31T04:08:38.656967200Z (22 patients)2024-12-31T04:09:38.656967200Z (23 patients)2024-12-31T04:10:38.656967200Z (24 patients)2024-12-31T04:11:38.656967200Z (25 patients)2024-12-31T04:12:38.656967200Z (26 patients)
AvgWaitingTime,BedUtilization,BusierTimes
905,67,2024-12-31T03:54:17.419984900Z (0 patients)2024-12-31T03:55:17.419984900Z (1 patients)2024-12-31T03:55:17.419984900Z (2 patients)2024-12-31T03:55:17.419984900Z (3 patients)2024-12-31T03:56:17.419984900Z (4 patients)2024-12-31T03:56:17.419984900Z (5 patients)2024-12-31T03:56:17.419984900Z (6 patients)2024-12-31T03:57:17.419984900Z (7 patients)2024-12-31T03:58:17.419984900Z (8 patients)2024-12-31T03:59:17.419984900Z (9 patients)2024-12-31T04:00:17.419984900Z (10 patients)2024-12-31T04:01:17.419984900Z (11 patients)2024-12-31T04:02:17.419984900Z (12 patients)2024-12-31T04:03:17.419984900Z (13 patients)2024-12-31T04:04:17.419984900Z (14 patients)2024-12-31T04:05:17.419984900Z (15 patients)2024-12-31T04:06:17.419984900Z (16 patients)2024-12-31T04:07:17.419984900Z (17 patients)2024-12-31T04:08:17.419984900Z (18 patients)2024-12-31T04:09:17.419984900Z (19 patients)2024-12-31T04:10:17.419984900Z (20 patients)2024-12-31T04:11:17.419984900Z (21 patients)2024-12-31T04:12:17.419984900Z (22 patients)2024-12-31T04:13:17.419984900Z (23 patients)2024-12-31T04:14:17.419984900Z (24 patients)2024-12-31T04:15:17.419984900Z (25 patients)2024-12-31T04:16:17.419984900Z (26 patients)
AvgWaitingTime,BedUtilization,BusierTimes
930,100,2025-01-02T03:10:20.307091200Z (0 patients)2025-01-02T03:11:20.307091200Z (1 patients)2025-01-02T03:11:20.307091200Z (2 patients)2025-01-02T03:11:20.307091200Z (3 patients)2025-01-02T03:12:20.307091200Z (4 patients)2025-01-02T03:12:20.307091200Z (5 patients)2025-01-02T03:12:20.307091200Z (6 patients)2025-01-02T03:13:20.307091200Z (7 patients)2025-01-02T03:13:20.307091200Z (8 patients)2025-01-02T03:13:20.307091200Z (9 patients)2025-01-02T03:14:20.307091200Z (10 patients)2025-01-02T03:14:20.307091200Z (11 patients)2025-01-02T03:14:20.307091200Z (12 patients)2025-01-02T03:15:20.307091200Z (13 patients)2025-01-02T03:15:20.307091200Z (14 patients)2025-01-02T03:15:20.307091200Z (15 patients)2025-01-02T03:16:20.307091200Z (16 patients)2025-01-02T03:16:20.307091200Z (17 patients)2025-01-02T03:16:20.307091200Z (18 patients)2025-01-02T03:17:20.307091200Z (19 patients)2025-01-02T03:17:20.307091200Z (20 patients)2025-01-02T03:17:20.307091200Z (21 patients)2025-01-02T03:18:20.307091200Z (22 patients)2025-01-02T03:18:20.307091200Z (23 patients)2025-01-02T03:18:20.307091200Z (24 patients)2025-01-02T03:19:20.307091200Z (25 patients)2025-01-02T03:19:20.307091200Z (26 patients)2025-01-02T03:19:20.307091200Z (27 patients)2025-01-02T03:20:20.307091200Z (28 patients)2025-01-02T03:20:20.307091200Z (29 patients)2025-01-02T03:20:20.307091200Z (30 patients)2025-01-02T03:21:20.307091200Z (31 patients)2025-01-02T03:21:20.307091200Z (32 patients)2025-01-02T03:21:20.307091200Z (33 patients)2025-01-02T03:22:20.307091200Z (34 patients)2025-01-02T03:22:20.307091200Z (35 patients)2025-01-02T03:22:20.307091200Z (36 patients)2025-01-02T03:23:20.307091200Z (37 patients)2025-01-02T03:23:20.307091200Z (38 patients)2025-01-02T03:23:20.307091200Z (39 patients)2025-01-02T03:24:20.307091200Z (40 patients)2025-01-02T03:24:20.307091200Z (41 patients)2025-01-02T03:24:20.307091200Z (42 patients)2025-01-02T03:25:20.307091200Z (43 patients)2025-01-02T03:25:20.307091200Z (44 patients)2025-01-02T03:25:20.307091200Z (45 patients)2025-01-02T03:26:20.307091200Z (46 patients)2025-01-02T03:26:20.307091200Z (47 patients)2025-01-02T03:26:20.307091200Z (48 patients)2025-01-02T03:27:20.307091200Z (49 patients)2025-01-02T03:27:20.307091200Z (50 patients)2025-01-02T03:27:20.307091200Z (51 patients)2025-01-02T03:28:20.307091200Z (52 patients)2025-01-02T03:28:20.307091200Z (53 patients)2025-01-02T03:28:20.307091200Z (54 patients)2025-01-02T03:29:20.307091200Z (55 patients)2025-01-02T03:29:20.307091200Z (56 patients)2025-01-02T03:29:20.307091200Z (57 patients)2025-01-02T03:30:20.307091200Z (58 patients)2025-01-02T03:30:20.307091200Z (59 patients)2025-01-02T03:30:20.307091200Z (60 patients)2025-01-02T03:31:20.307091200Z (61 patients)2025-01-02T03:31:20.307091200Z (62 patients)2025-01-02T03:31:20.307091200Z (63 patients)2025-01-02T03:32:20.307091200Z (64 patients)2025-01-02T03:32:20.307091200Z (65 patients)2025-01-02T03:32:20.307091200Z (66 patients)2025-01-02T03:33:20.307091200Z (67 patients)2025-01-02T03:33:20.307091200Z (68 patients)2025-01-02T03:33:20.307091200Z (69 patients)2025-01-02T03:34:20.307091200Z (70 patients)2025-01-02T03:34:20.307091200Z (71 patients)2025-01-02T03:34:20.307091200Z (72 patients)2025-01-02T03:35:20.307091200Z (73 patients)2025-01-02T03:35:20.307091200Z (74 patients)2025-01-02T03:35:20.307091200Z (75 patients)2025-01-02T03:36:20.307091200Z (76 patients)2025-01-02T03:36:20.307091200Z (77 patients)2025-01-02T03:36:20.307091200Z (78 patients)2025-01-02T03:37:20.307091200Z (79 patients)2025-01-02T03:37:20.307091200Z (80 patients)2025-01-02T03:37:20.307091200Z (81 patients)2025-01-02T03:38:20.307091200Z (82 patients)2025-01-02T03:38:20.307091200Z (83 patients)2025-01-02T03:38:20.307091200Z (84 patients)2025-01-02T03:39:20.307091200Z (85 patients)2025-01-02T03:39:20.307091200Z (86 patients)2025-01-02T03:39:20.307091200Z (87 patients)2025-01-02T03:40:20.307091200Z (88 patients)2025-01-02T03:40:20.307091200Z (89 patients)2025-01-02T03:40:20.307091200Z (90 patients)2025-01-02T03:41:20.307091200Z (91 patients)2025-01-02T03:41:20.307091200Z (92 patients)2025-01-02T03:41:20.307091200Z (93 patients)2025-01-02T03:42:20.307091200Z (94 patients)2025-01-02T03:42:20.307091200Z (95 patients)2025-01-02T03:42:20.307091200Z (96 patients)2025-01-02T03:43:20.307091200Z (97 patients)2025-01-02T03:43:20.307091200Z (98 patients)2025-01-02T03:43:20.307091200Z (99 patients)2025-01-02T03:44:20.307091200Z (N/A patients)2025-01-02T03:44:20.307091200Z (N/A patients)
AvgWaitingTime,BedUtilization,BusierTimes
847,100,2025-01-02T03:16:56.472426600Z (0 patients)2025-01-02T03:18:56.472426600Z (1 patients)2025-01-02T03:18:56.472426600Z (2 patients)2025-01-02T03:18:56.472426600Z (3 patients)2025-01-02T03:19:56.472426600Z (4 patients)2025-01-02T03:19:56.472426600Z (5 patients)2025-01-02T03:19:56.472426600Z (6 patients)2025-01-02T03:21:56.472426600Z (7 patients)2025-01-02T03:21:56.472426600Z (8 patients)2025-01-02T03:21:56.472426600Z (9 patients)2025-01-02T03:22:56.472426600Z (10 patients)2025-01-02T03:22:56.472426600Z (11 patients)2025-01-02T03:22:56.472426600Z (12 patients)2025-01-02T03:24:56.472426600Z (13 patients)2025-01-02T03:24:56.472426600Z (14 patients)2025-01-02T03:24:56.472426600Z (15 patients)2025-01-02T03:25:56.472426600Z (16 patients)2025-01-02T03:25:56.472426600Z (17 patients)2025-01-02T03:25:56.472426600Z (18 patients)2025-01-02T03:27:56.472426600Z (19 patients)2025-01-02T03:27:56.472426600Z (20 patients)2025-01-02T03:27:56.472426600Z (21 patients)2025-01-02T03:28:56.472426600Z (22 patients)2025-01-02T03:28:56.472426600Z (23 patients)2025-01-02T03:28:56.472426600Z (24 patients)2025-01-02T03:30:56.472426600Z (25 patients)2025-01-02T03:30:56.472426600Z (26 patients)2025-01-02T03:30:56.472426600Z (27 patients)2025-01-02T03:31:56.472426600Z (28 patients)2025-01-02T03:31:56.472426600Z (29 patients)2025-01-02T03:31:56.472426600Z (30 patients)2025-01-02T03:33:56.472426600Z (31 patients)2025-01-02T03:33:56.472426600Z (32 patients)2025-01-02T03:33:56.472426600Z (33 patients)2025-01-02T03:34:56.472426600Z (34 patients)2025-01-02T03:34:56.472426600Z (35 patients)2025-01-02T03:34:56.472426600Z (36 patients)2025-01-02T03:36:56.472426600Z (37 patients)2025-01-02T03:36:56.472426600Z (38 patients)2025-01-02T03:36:56.472426600Z (39 patients)2025-01-02T03:37:56.472426600Z (40 patients)2025-01-02T03:37:56.472426600Z (41 patients)2025-01-02T03:37:56.472426600Z (42 patients)2025-01-02T03:39:56.472426600Z (43 patients)2025-01-02T03:39:56.472426600Z (44 patients)2025-01-02T03:39:56.472426600Z (45 patients)2025-01-02T03:40:56.472426600Z (46 patients)2025-01-02T03:40:56.472426600Z (47 patients)2025-01-02T03:40:56.472426600Z (48 patients)2025-01-02T03:42:56.472426600Z (49 patients)2025-01-02T03:42:56.472426600Z (50 patients)2025-01-02T03:42:56.472426600Z (51 patients)2025-01-02T03:43:56.472426600Z (52 patients)2025-01-02T03:43:56.472426600Z (53 patients)2025-01-02T03:43:56.472426600Z (54 patients)2025-01-02T03:45:56.472426600Z (55 patients)2025-01-02T03:45:56.472426600Z (56 patients)2025-01-02T03:45:56.472426600Z (57 patients)2025-01-02T03:46:56.472426600Z (58 patients)2025-01-02T03:46:56.472426600Z (59 patients)2025-01-02T03:46:56.472426600Z (60 patients)2025-01-02T03:48:56.472426600Z (61 patients)2025-01-02T03:48:56.472426600Z (62 patients)2025-01-02T03:48:56.472426600Z (63 patients)2025-01-02T03:49:56.472426600Z (64 patients)2025-01-02T03:49:56.472426600Z (65 patients)2025-01-02T03:49:56.472426600Z (66 patients)2025-01-02T03:51:56.472426600Z (67 patients)2025-01-02T03:51:56.472426600Z (68 patients)2025-01-02T03:51:56.472426600Z (69 patients)2025-01-02T03:52:56.472426600Z (70 patients)2025-01-02T03:52:56.472426600Z (71 patients)2025-01-02T03:52:56.472426600Z (72 patients)2025-01-02T03:54:56.472426600Z (73 patients)2025-01-02T03:54:56.472426600Z (74 patients)2025-01-02T03:54:56.472426600Z (75 patients)2025-01-02T03:55:56.472426600Z (76 patients)2025-01-02T03:55:56.472426600Z (77 patients)2025-01-02T03:55:56.472426600Z (78 patients)2025-01-02T03:57:56.472426600Z (79 patients)2025-01-02T03:57:56.472426600Z (80 patients)2025-01-02T03:57:56.472426600Z (81 patients)2025-01-02T03:58:56.472426600Z (82 patients)2025-01-02T03:58:56.472426600Z (83 patients)2025-01-02T03:58:56.472426600Z (84 patients)2025-01-02T04:00:56.472426600Z (85 patients)2025-01-02T04:00:56.472426600Z (86 patients)2025-01-02T04:00:56.472426600Z (87 patients)2025-01-02T04:01:56.472426600Z (88 patients)2025-01-02T04:01:56.472426600Z (89 patients)2025-01-02T04:01:56.472426600Z (90 patients)2025-01-02T04:03:56.472426600Z (91 patients)2025-01-02T04:03:56.472426600Z (92 patients)2025-01-02T04:03:56.472426600Z (93 patients)2025-01-02T04:04:56.472426600Z (94 patients)2025-01-02T04:04:56.472426600Z (95 patients)2025-01-02T04:04:56.472426600Z (96 patients)2025-01-02T04:06:56.472426600Z (97 patients)2025-01-02T04:06:56.472426600Z (98 patients)2025-01-02T04:06:56.472426600Z (99 patients)2025-01-02T04:07:56.472426600Z (100 patients)2025-01-02T04:07:56.472426600Z (101 patients)2025-01-02T04:07:56.472426600Z (102 patients)2025-01-02T04:09:56.472426600Z (103 patients)2025-01-02T04:09:56.472426600Z (104 patients)2025-01-02T04:09:56.472426600Z (105 patients)2025-01-02T04:11:56.472426600Z (106 patients)2025-01-02T04:11:56.472426600Z (107 patients)2025-01-02T04:11:56.472426600Z (108 patients)2025-01-02T04:12:56.472426600Z (109 patients)2025-01-02T04:12:56.472426600Z (110 patients)2025-01-02T04:12:56.472426600Z (111 patients)2025-01-02T04:14:56.472426600Z (112 patients)2025-01-02T04:14:56.472426600Z (113 patients)2025-01-02T04:14:56.472426600Z (114 patients)2025-01-02T04:15:56.472426600Z (115 patients)2025-01-02T04:15:56.472426600Z (116 patients)2025-01-02T04:15:56.472426600Z (117 patients)2025-01-02T04:17:56.472426600Z (118 patients)2025-01-02T04:17:56.472426600Z (119 patients)2025-01-02T04:17:56.472426600Z (120 patients)2025-01-02T04:18:56.472426600Z (121 patients)2025-01-02T04:18:56.472426600Z (122 patients)2025-01-02T04:18:56.472426600Z (123 patients)2025-01-02T04:20:56.472426600Z (124 patients)2025-01-02T04:20:56.472426600Z (125 patients)2025-01-02T04:20:56.472426600Z (126 patients)2025-01-02T04:21:56.472426600Z (127 patients)2025-01-02T04:21:56.472426600Z (128 patients)2025-01-02T04:21:56.472426600Z (129 patients)2025-01-02T04:23:56.472426600Z (130 patients)2025-01-02T04:23:56.472426600Z (131 patients)2025-01-02T04:23:56.472426600Z (132 patients)2025-01-02T04:24:56.472426600Z (133 patients)2025-01-02T04:24:56.472426600Z (134 patients)2025-01-02T04:24:56.472426600Z (135 patients)2025-01-02T04:26:56.472426600Z (136 patients)2025-01-02T04:26:56.472426600Z (137 patients)2025-01-02T04:26:56.472426600Z (138 patients)2025-01-02T04:27:56.472426600Z (139 patients)2025-01-02T04:27:56.472426600Z (140 patients)2025-01-02T04:27:56.472426600Z (141 patients)2025-01-02T04:29:56.472426600Z (142 patients)2025-01-02T04:29:56.472426600Z (143 patients)2025-01-02T04:29:56.472426600Z (144 patients)2025-01-02T04:30:56.472426600Z (145 patients)2025-01-02T04:30:56.472426600Z (146 patients)2025-01-02T04:30:56.472426600Z (147 patients)2025-01-02T04:32:56.472426600Z (148 patients)2025-01-02T04:32:56.472426600Z (149 patients)2025-01-02T04:32:56.472426600Z (150 patients)2025-01-02T04:33:56.472426600Z (151 patients)2025-01-02T04:33:56.472426600Z (152 patients)2025-01-02T04:33:56.472426600Z (153 patients)2025-01-02T04:35:56.472426600Z (154 patients)2025-01-02T04:35:56.472426600Z (155 patients)2025-01-02T04:35:56.472426600Z (156 patients)
AvgWaitingTime,BedUtilization,BusierTimes
734,100,2025-01-02T03:15:38.294928200Z (0 patients)2025-01-02T03:16:38.294928200Z (1 patients)2025-01-02T03:16:38.294928200Z (2 patients)2025-01-02T03:16:38.294928200Z (3 patients)2025-01-02T03:18:38.294928200Z (4 patients)2025-01-02T03:18:38.294928200Z (5 patients)2025-01-02T03:18:38.294928200Z (6 patients)2025-01-02T03:19:38.294928200Z (7 patients)2025-01-02T03:19:38.294928200Z (8 patients)2025-01-02T03:19:38.294928200Z (9 patients)2025-01-02T03:20:38.294928200Z (10 patients)2025-01-02T03:20:38.294928200Z (11 patients)2025-01-02T03:20:38.294928200Z (12 patients)2025-01-02T03:21:38.294928200Z (13 patients)2025-01-02T03:21:38.294928200Z (14 patients)2025-01-02T03:21:38.294928200Z (15 patients)2025-01-02T03:22:38.294928200Z (16 patients)2025-01-02T03:22:38.294928200Z (17 patients)2025-01-02T03:22:38.294928200Z (18 patients)2025-01-02T03:23:38.294928200Z (19 patients)2025-01-02T03:23:38.294928200Z (20 patients)2025-01-02T03:23:38.294928200Z (21 patients)2025-01-02T03:24:38.294928200Z (22 patients)2025-01-02T03:24:38.294928200Z (23 patients)2025-01-02T03:24:38.294928200Z (24 patients)2025-01-02T03:25:38.294928200Z (25 patients)2025-01-02T03:25:38.294928200Z (26 patients)2025-01-02T03:25:38.294928200Z (27 patients)2025-01-02T03:26:38.294928200Z (28 patients)2025-01-02T03:26:38.294928200Z (29 patients)2025-01-02T03:26:38.294928200Z (30 patients)2025-01-02T03:28:38.294928200Z (31 patients)2025-01-02T03:28:38.294928200Z (32 patients)2025-01-02T03:28:38.294928200Z (33 patients)2025-01-02T03:29:38.294928200Z (34 patients)2025-01-02T03:29:38.294928200Z (35 patients)2025-01-02T03:29:38.294928200Z (36 patients)2025-01-02T03:30:38.294928200Z (37 patients)2025-01-02T03:30:38.294928200Z (38 patients)2025-01-02T03:30:38.294928200Z (39 patients)2025-01-02T03:31:38.294928200Z (40 patients)2025-01-02T03:31:38.294928200Z (41 patients)2025-01-02T03:31:38.294928200Z (42 patients)2025-01-02T03:32:38.294928200Z (43 patients)2025-01-02T03:32:38.294928200Z (44 patients)2025-01-02T03:32:38.294928200Z (45 patients)2025-01-02T03:33:38.294928200Z (46 patients)2025-01-02T03:33:38.294928200Z (47 patients)2025-01-02T03:33:38.294928200Z (48 patients)2025-01-02T03:34:38.294928200Z (49 patients)2025-01-02T03:34:38.294928200Z (50 patients)2025-01-02T03:34:38.294928200Z (51 patients)2025-01-02T03:35:38.294928200Z (52 patients)2025-01-02T03:35:38.294928200Z (53 patients)2025-01-02T03:35:38.294928200Z (54 patients)2025-01-02T03:36:38.294928200Z (55 patients)2025-01-02T03:36:38.294928200Z (56 patients)2025-01-02T03:36:38.294928200Z (57 patients)2025-01-02T03:38:38.294928200Z (58 patients)2025-01-02T03:38:38.294928200Z (59 patients)2025-01-02T03:38:38.294928200Z (60 patients)2025-01-02T03:39:38.294928200Z (61 patients)2025-01-02T03:39:38.294928200Z (62 patients)2025-01-02T03:39:38.294928200Z (63 patients)2025-01-02T03:40:38.294928200Z (64 patients)2025-01-02T03:40:38.294928200Z (65 patients)2025-01-02T03:40:38.294928200Z (66 patients)2025-01-02T03:41:38.294928200Z (67 patients)2025-01-02T03:41:38.294928200Z (68 patients)2025-01-02T03:41:38.294928200Z (69 patients)2025-01-02T03:42:38.294928200Z (70 patients)2025-01-02T03:42:38.294928200Z (71 patients)2025-01-02T03:42:38.294928200Z (72 patients)2025-01-02T03:43:38.294928200Z (73 patients)2025-01-02T03:43:38.294928200Z (74 patients)2025-01-02T03:43:38.294928200Z (75 patients)2025-01-02T03:44:38.294928200Z (76 patients)2025-01-02T03:44:38.294928200Z (77 patients)2025-01-02T03:44:38.294928200Z (78 patients)2025-01-02T03:45:38.294928200Z (79 patients)2025-01-02T03:45:38.294928200Z (80 patients)2025-01-02T03:45:38.294928200Z (81 patients)2025-01-02T03:46:38.294928200Z (82 patients)2025-01-02T03:46:38.294928200Z (83 patients)2025-01-02T03:46:38.294928200Z (84 patients)2025-01-02T03:48:38.294928200Z (85 patients)2025-01-02T03:48:38.294928200Z (86 patients)2025-01-02T03:48:38.294928200Z (87 patients)2025-01-02T03:49:38.294928200Z (88 patients)2025-01-02T03:49:38.294928200Z (89 patients)2025-01-02T03:49:38.294928200Z (90 patients)2025-01-02T03:50:38.294928200Z (91 patients)2025-01-02T03:50:38.294928200Z (92 patients)2025-01-02T03:50:38.294928200Z (93 patients)2025-01-02T03:51:38.294928200Z (94 patients)2025-01-02T03:51:38.294928200Z (95 patients)2025-01-02T03:51:38.294928200Z (96 patients)2025-01-02T03:52:38.294928200Z (97 patients)2025-01-02T03:52:38.294928200Z (98 patients)2025-01-02T03:52:38.294928200Z (99 patients)2025-01-02T03:53:38.294928200Z (100 patients)2025-01-02T03:53:38.294928200Z (101 patients)2025-01-02T03:53:38.294928200Z (102 patients)2025-01-02T03:54:38.294928200Z (103 patients)2025-01-02T03:54:38.294928200Z (104 patients)2025-01-02T03:54:38.294928200Z (105 patients)2025-01-02T03:55:38.294928200Z (106 patients)2025-01-02T03:55:38.294928200Z (107 patients)2025-01-02T03:55:38.294928200Z (108 patients)2025-01-02T03:56:38.294928200Z (109 patients)2025-01-02T03:56:38.294928200Z (110 patients)2025-01-02T03:56:38.294928200Z (111 patients)2025-01-02T03:58:38.294928200Z (112 patients)2025-01-02T03:58:38.294928200Z (113 patients)2025-01-02T03:58:38.294928200Z (114 patients)2025-01-02T03:59:38.294928200Z (115 patients)2025-01-02T03:59:38.294928200Z (116 patients)2025-01-02T03:59:38.294928200Z (117 patients)2025-01-02T04:00:38.294928200Z (118 patients)2025-01-02T04:00:38.294928200Z (119 patients)2025-01-02T04:00:38.294928200Z (120 patients)2025-01-02T04:01:38.294928200Z (121 patients)2025-01-02T04:01:38.294928200Z (122 patients)2025-01-02T04:01:38.294928200Z (123 patients)2025-01-02T04:02:38.294928200Z (124 patients)2025-01-02T04:02:38.294928200Z (125 patients)2025-01-02T04:02:38.294928200Z (126 patients)2025-01-02T04:03:38.294928200Z (127 patients)2025-01-02T04:03:38.294928200Z (128 patients)2025-01-02T04:03:38.294928200Z (129 patients)2025-01-02T04:04:38.294928200Z (130 patients)2025-01-02T04:04:38.294928200Z (131 patients)2025-01-02T04:04:38.294928200Z (132 patients)2025-01-02T04:05:38.294928200Z (133 patients)2025-01-02T04:05:38.294928200Z (134 patients)2025-01-02T04:05:38.294928200Z (135 patients)2025-01-02T04:06:38.294928200Z (136 patients)2025-01-02T04:07:38.294928200Z (137 patients)2025-01-02T04:07:38.294928200Z (138 patients)2025-01-02T04:08:38.294928200Z (139 patients)2025-01-02T04:08:38.294928200Z (140 patients)2025-01-02T04:08:38.294928200Z (141 patients)2025-01-02T04:09:38.294928200Z (142 patients)2025-01-02T04:09:38.294928200Z (143 patients)2025-01-02T04:09:38.294928200Z (144 patients)2025-01-02T04:10:38.294928200Z (145 patients)2025-01-02T04:10:38.294928200Z (146 patients)2025-01-02T04:10:38.294928200Z (147 patients)2025-01-02T04:11:38.294928200Z (148 patients)2025-01-02T04:11:38.294928200Z (149 patients)2025-01-02T04:11:38.294928200Z (150 patients)2025-01-02T04:12:38.294928200Z (151 patients)2025-01-02T04:12:38.294928200Z (152 patients)2025-01-02T04:12:38.294928200Z (153 patients)2025-01-02T04:13:38.294928200Z (154 patients)2025-01-02T04:13:38.294928200Z (155 patients)2025-01-02T04:13:38.294928200Z (156 patients)
AvgWaitingTime,BedUtilization,BusierTimes
830,100,2025-01-02T03:17:15.997386500Z (0 patients)2025-01-02T03:18:15.997386500Z (1 patients)2025-01-02T03:18:15.997386500Z (2 patients)2025-01-02T03:18:15.997386500Z (3 patients)2025-01-02T03:19:15.997386500Z (4 patients)2025-01-02T03:19:15.997386500Z (5 patients)2025-01-02T03:19:15.997386500Z (6 patients)2025-01-02T03:20:15.997386500Z (7 patients)2025-01-02T03:20:15.997386500Z (8 patients)2025-01-02T03:20:15.997386500Z (9 patients)2025-01-02T03:21:15.997386500Z (10 patients)2025-01-02T03:21:15.997386500Z (11 patients)2025-01-02T03:21:15.997386500Z (12 patients)2025-01-02T03:22:15.997386500Z (13 patients)2025-01-02T03:22:15.997386500Z (14 patients)2025-01-02T03:22:15.997386500Z (15 patients)2025-01-02T03:23:15.997386500Z (16 patients)2025-01-02T03:23:15.997386500Z (17 patients)2025-01-02T03:23:15.997386500Z (18 patients)2025-01-02T03:24:15.997386500Z (19 patients)2025-01-02T03:24:15.997386500Z (20 patients)2025-01-02T03:24:15.997386500Z (21 patients)2025-01-02T03:25:15.997386500Z (22 patients)2025-01-02T03:25:15.997386500Z (23 patients)2025-01-02T03:25:15.997386500Z (24 patients)2025-01-02T03:26:15.997386500Z (25 patients)2025-01-02T03:26:15.997386500Z (26 patients)2025-01-02T03:26:15.997386500Z (27 patients)2025-01-02T03:27:15.997386500Z (28 patients)2025-01-02T03:27:15.997386500Z (29 patients)2025-01-02T03:27:15.997386500Z (30 patients)2025-01-02T03:28:15.997386500Z (31 patients)2025-01-02T03:28:15.997386500Z (32 patients)2025-01-02T03:28:15.997386500Z (33 patients)2025-01-02T03:29:15.997386500Z (34 patients)2025-01-02T03:29:15.997386500Z (35 patients)2025-01-02T03:29:15.997386500Z (36 patients)2025-01-02T03:30:15.997386500Z (37 patients)2025-01-02T03:30:15.997386500Z (38 patients)2025-01-02T03:30:15.997386500Z (39 patients)2025-01-02T03:31:15.997386500Z (40 patients)2025-01-02T03:31:15.997386500Z (41 patients)2025-01-02T03:31:15.997386500Z (42 patients)2025-01-02T03:32:15.997386500Z (43 patients)2025-01-02T03:32:15.997386500Z (44 patients)2025-01-02T03:32:15.997386500Z (45 patients)2025-01-02T03:33:15.997386500Z (46 patients)2025-01-02T03:33:15.997386500Z (47 patients)2025-01-02T03:33:15.997386500Z (48 patients)2025-01-02T03:34:15.997386500Z (49 patients)2025-01-02T03:34:15.997386500Z (50 patients)2025-01-02T03:34:15.997386500Z (51 patients)2025-01-02T03:35:15.997386500Z (52 patients)2025-01-02T03:35:15.997386500Z (53 patients)2025-01-02T03:35:15.997386500Z (54 patients)2025-01-02T03:36:15.997386500Z (55 patients)2025-01-02T03:36:15.997386500Z (56 patients)2025-01-02T03:36:15.997386500Z (57 patients)2025-01-02T03:37:15.997386500Z (58 patients)2025-01-02T03:37:15.997386500Z (59 patients)2025-01-02T03:37:15.997386500Z (60 patients)2025-01-02T03:38:15.997386500Z (61 patients)2025-01-02T03:38:15.997386500Z (62 patients)2025-01-02T03:38:15.997386500Z (63 patients)2025-01-02T03:39:15.997386500Z (64 patients)2025-01-02T03:39:15.997386500Z (65 patients)2025-01-02T03:39:15.997386500Z (66 patients)2025-01-02T03:40:15.997386500Z (67 patients)2025-01-02T03:40:15.997386500Z (68 patients)2025-01-02T03:40:15.997386500Z (69 patients)2025-01-02T03:41:15.997386500Z (70 patients)2025-01-02T03:41:15.997386500Z (71 patients)2025-01-02T03:41:15.997386500Z (72 patients)2025-01-02T03:42:15.997386500Z (73 patients)2025-01-02T03:42:15.997386500Z (74 patients)2025-01-02T03:42:15.997386500Z (75 patients)2025-01-02T03:43:15.997386500Z (76 patients)2025-01-02T03:43:15.997386500Z (77 patients)2025-01-02T03:43:15.997386500Z (78 patients)2025-01-02T03:44:15.997386500Z (79 patients)2025-01-02T03:44:15.997386500Z (80 patients)2025-01-02T03:44:15.997386500Z (81 patients)2025-01-02T03:45:15.997386500Z (82 patients)2025-01-02T03:45:15.997386500Z (83 patients)2025-01-02T03:45:15.997386500Z (84 patients)2025-01-02T03:46:15.997386500Z (85 patients)2025-01-02T03:46:15.997386500Z (86 patients)2025-01-02T03:46:15.997386500Z (87 patients)2025-01-02T03:47:15.997386500Z (88 patients)2025-01-02T03:47:15.997386500Z (89 patients)2025-01-02T03:47:15.997386500Z (90 patients)2025-01-02T03:48:15.997386500Z (91 patients)2025-01-02T03:48:15.997386500Z (92 patients)2025-01-02T03:48:15.997386500Z (93 patients)2025-01-02T03:49:15.997386500Z (94 patients)2025-01-02T03:49:15.997386500Z (95 patients)2025-01-02T03:49:15.997386500Z (96 patients)2025-01-02T03:50:15.997386500Z (97 patients)2025-01-02T03:50:15.997386500Z (98 patients)2025-01-02T03:50:15.997386500Z (99 patients)2025-01-02T03:51:15.997386500Z (100 patients)2025-01-02T03:51:15.997386500Z (101 patients)2025-01-02T03:51:15.997386500Z (102 patients)2025-01-02T03:52:15.997386500Z (103 patients)2025-01-02T03:52:15.997386500Z (104 patients)2025-01-02T03:52:15.997386500Z (105 patients)2025-01-02T03:53:15.997386500Z (106 patients)2025-01-02T03:53:15.997386500Z (107 patients)2025-01-02T03:53:15.997386500Z (108 patients)2025-01-02T03:54:15.997386500Z (109 patients)2025-01-02T03:54:15.997386500Z (110 patients)2025-01-02T03:54:15.997386500Z (111 patients)2025-01-02T03:55:15.997386500Z (112 patients)2025-01-02T03:55:15.997386500Z (113 patients)2025-01-02T03:55:15.997386500Z (114 patients)2025-01-02T03:56:15.997386500Z (115 patients)2025-01-02T03:56:15.997386500Z (116 patients)2025-01-02T03:56:15.997386500Z (117 patients)2025-01-02T03:57:15.997386500Z (118 patients)2025-01-02T03:57:15.997386500Z (119 patients)2025-01-02T03:57:15.997386500Z (120 patients)2025-01-02T03:58:15.997386500Z (121 patients)2025-01-02T03:58:15.997386500Z (122 patients)2025-01-02T03:58:15.997386500Z (123 patients)2025-01-02T03:59:15.997386500Z (124 patients)2025-01-02T03:59:15.997386500Z (125 patients)2025-01-02T03:59:15.997386500Z (126 patients)2025-01-02T04:00:15.997386500Z (127 patients)2025-01-02T04:00:15.997386500Z (128 patients)2025-01-02T04:00:15.997386500Z (129 patients)2025-01-02T04:01:15.997386500Z (130 patients)2025-01-02T04:01:15.997386500Z (131 patients)2025-01-02T04:01:15.997386500Z (132 patients)2025-01-02T04:02:15.997386500Z (133 patients)2025-01-02T04:02:15.997386500Z (134 patients)2025-01-02T04:02:15.997386500Z (135 patients)2025-01-02T04:03:15.997386500Z (136 patients)2025-01-02T04:03:15.997386500Z (137 patients)2025-01-02T04:03:15.997386500Z (138 patients)2025-01-02T04:04:15.997386500Z (139 patients)2025-01-02T04:04:15.997386500Z (140 patients)2025-01-02T04:04:15.997386500Z (141 patients)2025-01-02T04:05:15.997386500Z (142 patients)2025-01-02T04:05:15.997386500Z (143 patients)2025-01-02T04:05:15.997386500Z (144 patients)2025-01-02T04:06:15.997386500Z (145 patients)2025-01-02T04:06:15.997386500Z (146 patients)2025-01-02T04:06:15.997386500Z (147 patients)2025-01-02T04:07:15.997386500Z (148 patients)2025-01-02T04:07:15.997386500Z (149 patients)2025-01-02T04:07:15.997386500Z (150 patients)2025-01-02T04:08:15.997386500Z (151 patients)2025-01-02T04:08:15.997386500Z (152 patients)2025-01-02T04:08:15.997386500Z (153 patients)2025-01-02T04:09:15.997386500Z (154 patients)2025-01-02T04:09:15.997386500Z (155 patients)2025-01-02T04:09:15.997386500Z (156 patients)
AvgWaitingTime,BedUtilization,BusierTimes
878,100,2025-01-02T03:18:41.855629Z (0 patients)2025-01-02T03:19:41.855629Z (1 patients)2025-01-02T03:19:41.855629Z (2 patients)2025-01-02T03:19:41.855629Z (3 patients)2025-01-02T03:20:41.855629Z (4 patients)2025-01-02T03:20:41.855629Z (5 patients)2025-01-02T03:20:41.855629Z (6 patients)2025-01-02T03:21:41.855629Z (7 patients)2025-01-02T03:21:41.855629Z (8 patients)2025-01-02T03:21:41.855629Z (9 patients)2025-01-02T03:22:41.855629Z (10 patients)2025-01-02T03:22:41.855629Z (11 patients)2025-01-02T03:22:41.855629Z (12 patients)2025-01-02T03:23:41.855629Z (13 patients)2025-01-02T03:23:41.855629Z (14 patients)2025-01-02T03:23:41.855629Z (15 patients)2025-01-02T03:24:41.855629Z (16 patients)2025-01-02T03:24:41.855629Z (17 patients)2025-01-02T03:24:41.855629Z (18 patients)2025-01-02T03:25:41.855629Z (19 patients)2025-01-02T03:25:41.855629Z (20 patients)2025-01-02T03:25:41.855629Z (21 patients)2025-01-02T03:26:41.855629Z (22 patients)2025-01-02T03:26:41.855629Z (23 patients)2025-01-02T03:26:41.855629Z (24 patients)2025-01-02T03:27:41.855629Z (25 patients)2025-01-02T03:27:41.855629Z (26 patients)2025-01-02T03:27:41.855629Z (27 patients)2025-01-02T03:28:41.855629Z (28 patients)2025-01-02T03:28:41.855629Z (29 patients)2025-01-02T03:28:41.855629Z (30 patients)2025-01-02T03:29:41.855629Z (31 patients)2025-01-02T03:29:41.855629Z (32 patients)2025-01-02T03:29:41.855629Z (33 patients)2025-01-02T03:30:41.855629Z (34 patients)2025-01-02T03:30:41.855629Z (35 patients)2025-01-02T03:30:41.855629Z (36 patients)2025-01-02T03:31:41.855629Z (37 patients)2025-01-02T03:31:41.855629Z (38 patients)2025-01-02T03:31:41.855629Z (39 patients)2025-01-02T03:32:41.855629Z (40 patients)2025-01-02T03:32:41.855629Z (41 patients)2025-01-02T03:32:41.855629Z (42 patients)2025-01-02T03:33:41.855629Z (43 patients)2025-01-02T03:33:41.855629Z (44 patients)2025-01-02T03:33:41.855629Z (45 patients)2025-01-02T03:34:41.855629Z (46 patients)2025-01-02T03:34:41.855629Z (47 patients)2025-01-02T03:34:41.855629Z (48 patients)2025-01-02T03:35:41.855629Z (49 patients)2025-01-02T03:35:41.855629Z (50 patients)2025-01-02T03:35:41.855629Z (51 patients)2025-01-02T03:36:41.855629Z (52 patients)2025-01-02T03:36:41.855629Z (53 patients)2025-01-02T03:36:41.855629Z (54 patients)2025-01-02T03:37:41.855629Z (55 patients)2025-01-02T03:37:41.855629Z (56 patients)2025-01-02T03:37:41.855629Z (57 patients)2025-01-02T03:38:41.855629Z (58 patients)2025-01-02T03:38:41.855629Z (59 patients)2025-01-02T03:38:41.855629Z (60 patients)2025-01-02T03:39:41.855629Z (61 patients)2025-01-02T03:39:41.855629Z (62 patients)2025-01-02T03:39:41.855629Z (63 patients)2025-01-02T03:40:41.855629Z (64 patients)2025-01-02T03:40:41.855629Z (65 patients)2025-01-02T03:40:41.855629Z (66 patients)2025-01-02T03:41:41.855629Z (67 patients)2025-01-02T03:41:41.855629Z (68 patients)2025-01-02T03:41:41.855629Z (69 patients)2025-01-02T03:42:41.855629Z (70 patients)2025-01-02T03:42:41.855629Z (71 patients)2025-01-02T03:42:41.855629Z (72 patients)2025-01-02T03:43:41.855629Z (73 patients)2025-01-02T03:43:41.855629Z (74 patients)2025-01-02T03:43:41.855629Z (75 patients)2025-01-02T03:44:41.855629Z (76 patients)2025-01-02T03:44:41.855629Z (77 patients)2025-01-02T03:44:41.855629Z (78 patients)2025-01-02T03:45:41.855629Z (79 patients)2025-01-02T03:45:41.855629Z (80 patients)2025-01-02T03:45:41.855629Z (81 patients)2025-01-02T03:46:41.855629Z (82 patients)2025-01-02T03:46:41.855629Z (83 patients)2025-01-02T03:46:41.855629Z (84 patients)2025-01-02T03:47:41.855629Z (85 patients)2025-01-02T03:47:41.855629Z (86 patients)2025-01-02T03:47:41.855629Z (87 patients)2025-01-02T03:48:41.855629Z (88 patients)2025-01-02T03:48:41.855629Z (89 patients)2025-01-02T03:48:41.855629Z (90 patients)2025-01-02T03:49:41.855629Z (91 patients)2025-01-02T03:49:41.855629Z (92 patients)2025-01-02T03:49:41.855629Z (93 patients)2025-01-02T03:50:41.855629Z (94 patients)2025-01-02T03:50:41.855629Z (95 patients)2025-01-02T03:50:41.855629Z (96 patients)2025-01-02T03:51:41.855629Z (97 patients)2025-01-02T03:51:41.855629Z (98 patients)2025-01-02T03:51:41.855629Z (99 patients)2025-01-02T03:52:41.855629Z (100 patients)2025-01-02T03:52:41.855629Z (101 patients)2025-01-02T03:52:41.855629Z (102 patients)2025-01-02T03:53:41.855629Z (103 patients)2025-01-02T03:53:41.855629Z (104 patients)2025-01-02T03:53:41.855629Z (105 patients)2025-01-02T03:54:41.855629Z (106 patients)2025-01-02T03:54:41.855629Z (107 patients)2025-01-02T03:54:41.855629Z (108 patients)2025-01-02T03:55:41.855629Z (109 patients)2025-01-02T03:55:41.855629Z (110 patients)2025-01-02T03:55:41.855629Z (111 patients)2025-01-02T03:56:41.855629Z (112 patients)2025-01-02T03:56:41.855629Z (113 patients)2025-01-02T03:56:41.855629Z (114 patients)2025-01-02T03:57:41.855629Z (115 patients)2025-01-02T03:57:41.855629Z (116 patients)2025-01-02T03:57:41.855629Z (117 patients)2025-01-02T03:58:41.855629Z (118 patients)2025-01-02T03:58:41.855629Z (119 patients)2025-01-02T03:58:41.855629Z (120 patients)2025-01-02T03:59:41.855629Z (121 patients)2025-01-02T03:59:41.855629Z (122 patients)2025-01-02T03:59:41.855629Z (123 patients)2025-01-02T04:00:41.855629Z (124 patients)2025-01-02T04:00:41.855629Z (125 patients)2025-01-02T04:00:41.855629Z (126 patients)2025-01-02T04:01:41.855629Z (127 patients)2025-01-02T04:01:41.855629Z (128 patients)2025-01-02T04:01:41.855629Z (129 patients)2025-01-02T04:02:41.855629Z (130 patients)2025-01-02T04:02:41.855629Z (131 patients)2025-01-02T04:02:41.855629Z (132 patients)2025-01-02T04:03:41.855629Z (133 patients)2025-01-02T04:03:41.855629Z (134 patients)2025-01-02T04:03:41.855629Z (135 patients)2025-01-02T04:04:41.855629Z (136 patients)2025-01-02T04:04:41.855629Z (137 patients)2025-01-02T04:04:41.855629Z (138 patients)2025-01-02T04:05:41.855629Z (139 patients)2025-01-02T04:05:41.855629Z (140 patients)2025-01-02T04:05:41.855629Z (141 patients)2025-01-02T04:06:41.855629Z (142 patients)2025-01-02T04:06:41.855629Z (143 patients)2025-01-02T04:06:41.855629Z (144 patients)2025-01-02T04:07:41.855629Z (145 patients)2025-01-02T04:07:41.855629Z (146 patients)2025-01-02T04:07:41.855629Z (147 patients)2025-01-02T04:08:41.855629Z (148 patients)2025-01-02T04:08:41.855629Z (149 patients)2025-01-02T04:08:41.855629Z (150 patients)2025-01-02T04:09:41.855629Z (151 patients)2025-01-02T04:09:41.855629Z (152 patients)2025-01-02T04:09:41.855629Z (153 patients)2025-01-02T04:10:41.855629Z (154 patients)2025-01-02T04:10:41.855629Z (155 patients)2025-01-02T04:10:41.855629Z (156 patients)
AvgWaitingTime,BedUtilization,BusierTimes
915,100,2025-01-02T03:22:42.154569600Z (0 patients)2025-01-02T03:23:42.154569600Z (1 patients)2025-01-02T03:23:42.154569600Z (2 patients)2025-01-02T03:23:42.154569600Z (3 patients)2025-01-02T03:24:42.154569600Z (4 patients)2025-01-02T03:24:42.154569600Z (5 patients)2025-01-02T03:24:42.154569600Z (6 patients)2025-01-02T03:25:42.154569600Z (7 patients)2025-01-02T03:25:42.154569600Z (8 patients)2025-01-02T03:25:42.154569600Z (9 patients)2025-01-02T03:26:42.154569600Z (10 patients)2025-01-02T03:26:42.154569600Z (11 patients)2025-01-02T03:26:42.154569600Z (12 patients)2025-01-02T03:27:42.154569600Z (13 patients)2025-01-02T03:27:42.154569600Z (14 patients)2025-01-02T03:27:42.154569600Z (15 patients)2025-01-02T03:28:42.154569600Z (16 patients)2025-01-02T03:28:42.154569600Z (17 patients)2025-01-02T03:28:42.154569600Z (18 patients)2025-01-02T03:29:42.154569600Z (19 patients)2025-01-02T03:29:42.154569600Z (20 patients)2025-01-02T03:29:42.154569600Z (21 patients)2025-01-02T03:30:42.154569600Z (22 patients)2025-01-02T03:30:42.154569600Z (23 patients)2025-01-02T03:30:42.154569600Z (24 patients)2025-01-02T03:31:42.154569600Z (25 patients)2025-01-02T03:31:42.154569600Z (26 patients)2025-01-02T03:31:42.154569600Z (27 patients)2025-01-02T03:32:42.154569600Z (28 patients)2025-01-02T03:32:42.154569600Z (29 patients)2025-01-02T03:32:42.154569600Z (30 patients)2025-01-02T03:33:42.154569600Z (31 patients)2025-01-02T03:33:42.154569600Z (32 patients)2025-01-02T03:33:42.154569600Z (33 patients)2025-01-02T03:34:42.154569600Z (34 patients)2025-01-02T03:34:42.154569600Z (35 patients)2025-01-02T03:34:42.154569600Z (36 patients)2025-01-02T03:35:42.154569600Z (37 patients)2025-01-02T03:35:42.154569600Z (38 patients)2025-01-02T03:35:42.154569600Z (39 patients)2025-01-02T03:36:42.154569600Z (40 patients)2025-01-02T03:36:42.154569600Z (41 patients)2025-01-02T03:36:42.154569600Z (42 patients)2025-01-02T03:37:42.154569600Z (43 patients)2025-01-02T03:37:42.154569600Z (44 patients)2025-01-02T03:37:42.154569600Z (45 patients)2025-01-02T03:38:42.154569600Z (46 patients)2025-01-02T03:38:42.154569600Z (47 patients)2025-01-02T03:38:42.154569600Z (48 patients)2025-01-02T03:39:42.154569600Z (49 patients)2025-01-02T03:39:42.154569600Z (50 patients)2025-01-02T03:39:42.154569600Z (51 patients)2025-01-02T03:40:42.154569600Z (52 patients)2025-01-02T03:40:42.154569600Z (53 patients)2025-01-02T03:40:42.154569600Z (54 patients)2025-01-02T03:41:42.154569600Z (55 patients)2025-01-02T03:41:42.154569600Z (56 patients)2025-01-02T03:41:42.154569600Z (57 patients)2025-01-02T03:42:42.154569600Z (58 patients)2025-01-02T03:42:42.154569600Z (59 patients)2025-01-02T03:42:42.154569600Z (60 patients)2025-01-02T03:43:42.154569600Z (61 patients)2025-01-02T03:43:42.154569600Z (62 patients)2025-01-02T03:43:42.154569600Z (63 patients)2025-01-02T03:44:42.154569600Z (64 patients)2025-01-02T03:44:42.154569600Z (65 patients)2025-01-02T03:44:42.154569600Z (66 patients)2025-01-02T03:45:42.154569600Z (67 patients)2025-01-02T03:45:42.154569600Z (68 patients)2025-01-02T03:45:42.154569600Z (69 patients)2025-01-02T03:46:42.154569600Z (70 patients)2025-01-02T03:46:42.154569600Z (71 patients)2025-01-02T03:46:42.154569600Z (72 patients)2025-01-02T03:47:42.154569600Z (73 patients)2025-01-02T03:47:42.154569600Z (74 patients)2025-01-02T03:47:42.154569600Z (75 patients)2025-01-02T03:48:42.154569600Z (76 patients)2025-01-02T03:48:42.154569600Z (77 patients)2025-01-02T03:48:42.154569600Z (78 patients)2025-01-02T03:49:42.154569600Z (79 patients)2025-01-02T03:49:42.154569600Z (80 patients)2025-01-02T03:49:42.154569600Z (81 patients)2025-01-02T03:50:42.154569600Z (82 patients)2025-01-02T03:50:42.154569600Z (83 patients)2025-01-02T03:50:42.154569600Z (84 patients)2025-01-02T03:51:42.154569600Z (85 patients)2025-01-02T03:51:42.154569600Z (86 patients)2025-01-02T03:51:42.154569600Z (87 patients)2025-01-02T03:52:42.154569600Z (88 patients)2025-01-02T03:52:42.154569600Z (89 patients)2025-01-02T03:52:42.154569600Z (90 patients)2025-01-02T03:53:42.154569600Z (91 patients)2025-01-02T03:53:42.154569600Z (92 patients)2025-01-02T03:53:42.154569600Z (93 patients)2025-01-02T03:54:42.154569600Z (94 patients)2025-01-02T03:54:42.154569600Z (95 patients)2025-01-02T03:54:42.154569600Z (96 patients)2025-01-02T03:55:42.154569600Z (97 patients)2025-01-02T03:55:42.154569600Z (98 patients)2025-01-02T03:55:42.154569600Z (99 patients)2025-01-02T03:56:42.154569600Z (100 patients)2025-01-02T03:56:42.154569600Z (101 patients)2025-01-02T03:56:42.154569600Z (102 patients)2025-01-02T03:57:42.154569600Z (103 patients)2025-01-02T03:57:42.154569600Z (104 patients)2025-01-02T03:57:42.154569600Z (105 patients)2025-01-02T03:58:42.154569600Z (106 patients)2025-01-02T03:58:42.154569600Z (107 patients)2025-01-02T03:58:42.154569600Z (108 patients)2025-01-02T03:59:42.154569600Z (109 patients)2025-01-02T03:59:42.154569600Z (110 patients)2025-01-02T03:59:42.154569600Z (111 patients)2025-01-02T04:00:42.154569600Z (112 patients)2025-01-02T04:00:42.154569600Z (113 patients)2025-01-02T04:00:42.154569600Z (114 patients)2025-01-02T04:01:42.154569600Z (115 patients)2025-01-02T04:01:42.154569600Z (116 patients)2025-01-02T04:01:42.154569600Z (117 patients)2025-01-02T04:02:42.154569600Z (118 patients)2025-01-02T04:02:42.154569600Z (119 patients)2025-01-02T04:02:42.154569600Z (120 patients)2025-01-02T04:03:42.154569600Z (121 patients)2025-01-02T04:03:42.154569600Z (122 patients)2025-01-02T04:03:42.154569600Z (123 patients)2025-01-02T04:04:42.154569600Z (124 patients)2025-01-02T04:04:42.154569600Z (125 patients)2025-01-02T04:04:42.154569600Z (126 patients)2025-01-02T04:05:42.154569600Z (127 patients)2025-01-02T04:05:42.154569600Z (128 patients)2025-01-02T04:05:42.154569600Z (129 patients)2025-01-02T04:06:42.154569600Z (130 patients)2025-01-02T04:06:42.154569600Z (131 patients)2025-01-02T04:06:42.154569600Z (132 patients)2025-01-02T04:07:42.154569600Z (133 patients)2025-01-02T04:07:42.154569600Z (134 patients)2025-01-02T04:07:42.154569600Z (135 patients)2025-01-02T04:08:42.154569600Z (136 patients)2025-01-02T04:08:42.154569600Z (137 patients)2025-01-02T04:08:42.154569600Z (138 patients)2025-01-02T04:09:42.154569600Z (139 patients)2025-01-02T04:09:42.154569600Z (140 patients)2025-01-02T04:09:42.154569600Z (141 patients)2025-01-02T04:10:42.154569600Z (142 patients)2025-01-02T04:10:42.154569600Z (143 patients)2025-01-02T04:10:42.154569600Z (144 patients)2025-01-02T04:11:42.154569600Z (145 patients)2025-01-02T04:11:42.154569600Z (146 patients)2025-01-02T04:11:42.154569600Z (147 patients)2025-01-02T04:12:42.154569600Z (148 patients)2025-01-02T04:12:42.154569600Z (149 patients)2025-01-02T04:12:42.154569600Z (150 patients)2025-01-02T04:13:42.154569600Z (151 patients)2025-01-02T04:13:42.154569600Z (152 patients)2025-01-02T04:13:42.154569600Z (153 patients)2025-01-02T04:14:42.154569600Z (154 patients)2025-01-02T04:14:42.154569600Z (155 patients)2025-01-02T04:14:42.154569600Z (156 patients)
AvgWaitingTime,BedUtilization,BusierTimes
751,100,2025-01-02T05:08:33.727212800Z (0 patients)2025-01-02T05:09:33.727212800Z (1 patients)2025-01-02T05:09:33.727212800Z (2 patients)2025-01-02T05:09:33.727212800Z (3 patients)2025-01-02T05:10:33.727212800Z (4 patients)2025-01-02T05:10:33.727212800Z (5 patients)2025-01-02T05:10:33.727212800Z (6 patients)2025-01-02T05:11:33.727212800Z (7 patients)2025-01-02T05:11:33.727212800Z (8 patients)2025-01-02T05:11:33.727212800Z (9 patients)2025-01-02T05:12:33.727212800Z (10 patients)2025-01-02T05:12:33.727212800Z (11 patients)2025-01-02T05:12:33.727212800Z (12 patients)2025-01-02T05:13:33.727212800Z (13 patients)2025-01-02T05:13:33.727212800Z (14 patients)2025-01-02T05:13:33.727212800Z (15 patients)2025-01-02T05:14:33.727212800Z (16 patients)2025-01-02T05:14:33.727212800Z (17 patients)2025-01-02T05:14:33.727212800Z (18 patients)2025-01-02T05:15:33.727212800Z (19 patients)2025-01-02T05:15:33.727212800Z (20 patients)2025-01-02T05:15:33.727212800Z (21 patients)2025-01-02T05:16:33.727212800Z (22 patients)2025-01-02T05:16:33.727212800Z (23 patients)2025-01-02T05:16:33.727212800Z (24 patients)2025-01-02T05:17:33.727212800Z (25 patients)2025-01-02T05:17:33.727212800Z (26 patients)2025-01-02T05:17:33.727212800Z (27 patients)2025-01-02T05:18:33.727212800Z (28 patients)2025-01-02T05:18:33.727212800Z (29 patients)2025-01-02T05:18:33.727212800Z (30 patients)2025-01-02T05:19:33.727212800Z (31 patients)2025-01-02T05:19:33.727212800Z (32 patients)2025-01-02T05:19:33.727212800Z (33 patients)2025-01-02T05:20:33.727212800Z (34 patients)2025-01-02T05:20:33.727212800Z (35 patients)2025-01-02T05:20:33.727212800Z (36 patients)2025-01-02T05:21:33.727212800Z (37 patients)2025-01-02T05:21:33.727212800Z (38 patients)2025-01-02T05:21:33.727212800Z (39 patients)2025-01-02T05:22:33.727212800Z (40 patients)2025-01-02T05:22:33.727212800Z (41 patients)2025-01-02T05:22:33.727212800Z (42 patients)2025-01-02T05:23:33.727212800Z (43 patients)2025-01-02T05:23:33.727212800Z (44 patients)2025-01-02T05:23:33.727212800Z (45 patients)2025-01-02T05:24:33.727212800Z (46 patients)2025-01-02T05:24:33.727212800Z (47 patients)2025-01-02T05:24:33.727212800Z (48 patients)2025-01-02T05:25:33.727212800Z (49 patients)2025-01-02T05:25:33.727212800Z (50 patients)2025-01-02T05:25:33.727212800Z (51 patients)2025-01-02T05:26:33.727212800Z (52 patients)2025-01-02T05:26:33.727212800Z (53 patients)2025-01-02T05:26:33.727212800Z (54 patients)2025-01-02T05:27:33.727212800Z (55 patients)2025-01-02T05:27:33.727212800Z (56 patients)2025-01-02T05:27:33.727212800Z (57 patients)2025-01-02T05:28:33.727212800Z (58 patients)2025-01-02T05:28:33.727212800Z (59 patients)2025-01-02T05:28:33.727212800Z (60 patients)2025-01-02T05:29:33.727212800Z (61 patients)2025-01-02T05:29:33.727212800Z (62 patients)2025-01-02T05:29:33.727212800Z (63 patients)2025-01-02T05:30:33.727212800Z (64 patients)2025-01-02T05:30:33.727212800Z (65 patients)2025-01-02T05:30:33.727212800Z (66 patients)2025-01-02T05:31:33.727212800Z (67 patients)2025-01-02T05:31:33.727212800Z (68 patients)2025-01-02T05:31:33.727212800Z (69 patients)2025-01-02T05:32:33.727212800Z (70 patients)2025-01-02T05:32:33.727212800Z (71 patients)2025-01-02T05:32:33.727212800Z (72 patients)2025-01-02T05:33:33.727212800Z (73 patients)2025-01-02T05:33:33.727212800Z (74 patients)2025-01-02T05:33:33.727212800Z (75 patients)2025-01-02T05:34:33.727212800Z (76 patients)2025-01-02T05:34:33.727212800Z (77 patients)2025-01-02T05:34:33.727212800Z (78 patients)2025-01-02T05:35:33.727212800Z (79 patients)2025-01-02T05:35:33.727212800Z (80 patients)2025-01-02T05:35:33.727212800Z (81 patients)2025-01-02T05:36:33.727212800Z (82 patients)2025-01-02T05:36:33.727212800Z (83 patients)2025-01-02T05:36:33.727212800Z (84 patients)2025-01-02T05:37:33.727212800Z (85 patients)2025-01-02T05:37:33.727212800Z (86 patients)2025-01-02T05:37:33.727212800Z (87 patients)2025-01-02T05:38:33.727212800Z (88 patients)2025-01-02T05:38:33.727212800Z (89 patients)2025-01-02T05:38:33.727212800Z (90 patients)2025-01-02T05:39:33.727212800Z (91 patients)2025-01-02T05:39:33.727212800Z (92 patients)2025-01-02T05:39:33.727212800Z (93 patients)2025-01-02T05:40:33.727212800Z (94 patients)2025-01-02T05:40:33.727212800Z (95 patients)2025-01-02T05:40:33.727212800Z (96 patients)2025-01-02T05:41:33.727212800Z (97 patients)2025-01-02T05:41:33.727212800Z (98 patients)2025-01-02T05:41:33.727212800Z (99 patients)2025-01-02T05:42:33.727212800Z (100 patients)2025-01-02T05:42:33.727212800Z (101 patients)2025-01-02T05:42:33.727212800Z (102 patients)2025-01-02T05:43:33.727212800Z (103 patients)2025-01-02T05:43:33.727212800Z (104 patients)2025-01-02T05:43:33.727212800Z (105 patients)2025-01-02T05:44:33.727212800Z (106 patients)2025-01-02T05:44:33.727212800Z (107 patients)2025-01-02T05:44:33.727212800Z (108 patients)2025-01-02T05:45:33.727212800Z (109 patients)2025-01-02T05:45:33.727212800Z (110 patients)2025-01-02T05:45:33.727212800Z (111 patients)2025-01-02T05:46:33.727212800Z (112 patients)2025-01-02T05:46:33.727212800Z (113 patients)2025-01-02T05:46:33.727212800Z (114 patients)2025-01-02T05:47:33.727212800Z (115 patients)2025-01-02T05:47:33.727212800Z (116 patients)2025-01-02T05:47:33.727212800Z (117 patients)2025-01-02T05:48:33.727212800Z (118 patients)2025-01-02T05:48:33.727212800Z (119 patients)2025-01-02T05:48:33.727212800Z (120 patients)2025-01-02T05:49:33.727212800Z (121 patients)2025-01-02T05:49:33.727212800Z (122 patients)2025-01-02T05:49:33.727212800Z (123 patients)2025-01-02T05:50:33.727212800Z (124 patients)2025-01-02T05:50:33.727212800Z (125 patients)2025-01-02T05:50:33.727212800Z (126 patients)2025-01-02T05:51:33.727212800Z (127 patients)2025-01-02T05:51:33.727212800Z (128 patients)2025-01-02T05:51:33.727212800Z (129 patients)2025-01-02T05:52:33.727212800Z (130 patients)2025-01-02T05:52:33.727212800Z (131 patients)2025-01-02T05:52:33.727212800Z (132 patients)2025-01-02T05:53:33.727212800Z (133 patients)2025-01-02T05:53:33.727212800Z (134 patients)2025-01-02T05:53:33.727212800Z (135 patients)2025-01-02T05:54:33.727212800Z (136 patients)2025-01-02T05:54:33.727212800Z (137 patients)2025-01-02T05:54:33.727212800Z (138 patients)2025-01-02T05:55:33.727212800Z (139 patients)2025-01-02T05:55:33.727212800Z (140 patients)2025-01-02T05:55:33.727212800Z (141 patients)2025-01-02T05:56:33.727212800Z (142 patients)2025-01-02T05:56:33.727212800Z (143 patients)2025-01-02T05:56:33.727212800Z (144 patients)2025-01-02T05:57:33.727212800Z (145 patients)2025-01-02T05:57:33.727212800Z (146 patients)2025-01-02T05:57:33.727212800Z (147 patients)2025-01-02T05:58:33.727212800Z (148 patients)2025-01-02T05:58:33.727212800Z (149 patients)2025-01-02T05:58:33.727212800Z (150 patients)2025-01-02T05:59:33.727212800Z (151 patients)2025-01-02T05:59:33.727212800Z (152 patients)2025-01-02T05:59:33.727212800Z (153 patients)2025-01-02T06:00:33.727212800Z (154 patients)2025-01-02T06:00:33.727212800Z (155 patients)2025-01-02T06:00:33.727212800Z (156 patients)
AvgWaitingTime,BedUtilization,BusierTimes
862,100,2025-01-02T05:09:59.378959300Z (0 patients)2025-01-02T05:10:59.378959300Z (1 patients)2025-01-02T05:10:59.378959300Z (2 patients)2025-01-02T05:10:59.378959300Z (3 patients)2025-01-02T05:11:59.378959300Z (4 patients)2025-01-02T05:11:59.378959300Z (5 patients)2025-01-02T05:11:59.378959300Z (6 patients)2025-01-02T05:12:59.378959300Z (7 patients)2025-01-02T05:12:59.378959300Z (8 patients)2025-01-02T05:12:59.378959300Z (9 patients)2025-01-02T05:13:59.378959300Z (10 patients)2025-01-02T05:13:59.378959300Z (11 patients)2025-01-02T05:13:59.378959300Z (12 patients)2025-01-02T05:14:59.378959300Z (13 patients)2025-01-02T05:14:59.378959300Z (14 patients)2025-01-02T05:14:59.378959300Z (15 patients)2025-01-02T05:15:59.378959300Z (16 patients)2025-01-02T05:15:59.378959300Z (17 patients)2025-01-02T05:15:59.378959300Z (18 patients)2025-01-02T05:16:59.378959300Z (19 patients)2025-01-02T05:16:59.378959300Z (20 patients)2025-01-02T05:16:59.378959300Z (21 patients)2025-01-02T05:17:59.378959300Z (22 patients)2025-01-02T05:17:59.378959300Z (23 patients)2025-01-02T05:17:59.378959300Z (24 patients)2025-01-02T05:18:59.378959300Z (25 patients)2025-01-02T05:18:59.378959300Z (26 patients)2025-01-02T05:18:59.378959300Z (27 patients)2025-01-02T05:19:59.378959300Z (28 patients)2025-01-02T05:19:59.378959300Z (29 patients)2025-01-02T05:19:59.378959300Z (30 patients)2025-01-02T05:20:59.378959300Z (31 patients)2025-01-02T05:20:59.378959300Z (32 patients)2025-01-02T05:20:59.378959300Z (33 patients)2025-01-02T05:21:59.378959300Z (34 patients)2025-01-02T05:21:59.378959300Z (35 patients)2025-01-02T05:21:59.378959300Z (36 patients)2025-01-02T05:22:59.378959300Z (37 patients)2025-01-02T05:22:59.378959300Z (38 patients)2025-01-02T05:22:59.378959300Z (39 patients)2025-01-02T05:23:59.378959300Z (40 patients)2025-01-02T05:23:59.378959300Z (41 patients)2025-01-02T05:23:59.378959300Z (42 patients)2025-01-02T05:24:59.378959300Z (43 patients)2025-01-02T05:24:59.378959300Z (44 patients)2025-01-02T05:24:59.378959300Z (45 patients)2025-01-02T05:25:59.378959300Z (46 patients)2025-01-02T05:25:59.378959300Z (47 patients)2025-01-02T05:25:59.378959300Z (48 patients)2025-01-02T05:26:59.378959300Z (49 patients)2025-01-02T05:26:59.378959300Z (50 patients)2025-01-02T05:26:59.378959300Z (51 patients)2025-01-02T05:27:59.378959300Z (52 patients)2025-01-02T05:27:59.378959300Z (53 patients)2025-01-02T05:27:59.378959300Z (54 patients)2025-01-02T05:28:59.378959300Z (55 patients)2025-01-02T05:28:59.378959300Z (56 patients)2025-01-02T05:28:59.378959300Z (57 patients)2025-01-02T05:29:59.378959300Z (58 patients)2025-01-02T05:29:59.378959300Z (59 patients)2025-01-02T05:29:59.378959300Z (60 patients)2025-01-02T05:30:59.378959300Z (61 patients)2025-01-02T05:30:59.378959300Z (62 patients)2025-01-02T05:30:59.378959300Z (63 patients)2025-01-02T05:31:59.378959300Z (64 patients)2025-01-02T05:31:59.378959300Z (65 patients)2025-01-02T05:31:59.378959300Z (66 patients)2025-01-02T05:32:59.378959300Z (67 patients)2025-01-02T05:32:59.378959300Z (68 patients)2025-01-02T05:32:59.378959300Z (69 patients)2025-01-02T05:33:59.378959300Z (70 patients)2025-01-02T05:33:59.378959300Z (71 patients)2025-01-02T05:33:59.378959300Z (72 patients)2025-01-02T05:34:59.378959300Z (73 patients)2025-01-02T05:34:59.378959300Z (74 patients)2025-01-02T05:34:59.378959300Z (75 patients)2025-01-02T05:35:59.378959300Z (76 patients)2025-01-02T05:35:59.378959300Z (77 patients)2025-01-02T05:35:59.378959300Z (78 patients)2025-01-02T05:36:59.378959300Z (79 patients)2025-01-02T05:36:59.378959300Z (80 patients)2025-01-02T05:36:59.378959300Z (81 patients)2025-01-02T05:37:59.378959300Z (82 patients)2025-01-02T05:37:59.378959300Z (83 patients)2025-01-02T05:37:59.378959300Z (84 patients)2025-01-02T05:38:59.378959300Z (85 patients)2025-01-02T05:38:59.378959300Z (86 patients)2025-01-02T05:38:59.378959300Z (87 patients)2025-01-02T05:39:59.378959300Z (88 patients)2025-01-02T05:39:59.378959300Z (89 patients)2025-01-02T05:39:59.378959300Z (90 patients)2025-01-02T05:40:59.378959300Z (91 patients)2025-01-02T05:40:59.378959300Z (92 patients)2025-01-02T05:40:59.378959300Z (93 patients)2025-01-02T05:41:59.378959300Z (94 patients)2025-01-02T05:41:59.378959300Z (95 patients)2025-01-02T05:41:59.378959300Z (96 patients)2025-01-02T05:42:59.378959300Z (97 patients)2025-01-02T05:42:59.378959300Z (98 patients)2025-01-02T05:42:59.378959300Z (99 patients)2025-01-02T05:43:59.378959300Z (100 patients)2025-01-02T05:43:59.378959300Z (101 patients)2025-01-02T05:43:59.378959300Z (102 patients)2025-01-02T05:44:59.378959300Z (103 patients)2025-01-02T05:44:59.378959300Z (104 patients)2025-01-02T05:44:59.378959300Z (105 patients)2025-01-02T05:45:59.378959300Z (106 patients)2025-01-02T05:45:59.378959300Z (107 patients)2025-01-02T05:45:59.378959300Z (108 patients)2025-01-02T05:46:59.378959300Z (109 patients)2025-01-02T05:46:59.378959300Z (110 patients)2025-01-02T05:46:59.378959300Z (111 patients)2025-01-02T05:47:59.378959300Z (112 patients)2025-01-02T05:47:59.378959300Z (113 patients)2025-01-02T05:47:59.378959300Z (114 patients)2025-01-02T05:48:59.378959300Z (115 patients)2025-01-02T05:48:59.378959300Z (116 patients)2025-01-02T05:48:59.378959300Z (117 patients)2025-01-02T05:49:59.378959300Z (118 patients)2025-01-02T05:49:59.378959300Z (119 patients)2025-01-02T05:49:59.378959300Z (120 patients)2025-01-02T05:50:59.378959300Z (121 patients)2025-01-02T05:50:59.378959300Z (122 patients)2025-01-02T05:50:59.378959300Z (123 patients)2025-01-02T05:51:59.378959300Z (124 patients)2025-01-02T05:51:59.378959300Z (125 patients)2025-01-02T05:51:59.378959300Z (126 patients)2025-01-02T05:52:59.378959300Z (127 patients)2025-01-02T05:52:59.378959300Z (128 patients)2025-01-02T05:52:59.378959300Z (129 patients)2025-01-02T05:53:59.378959300Z (130 patients)2025-01-02T05:53:59.378959300Z (131 patients)2025-01-02T05:53:59.378959300Z (132 patients)2025-01-02T05:54:59.378959300Z (133 patients)2025-01-02T05:54:59.378959300Z (134 patients)2025-01-02T05:54:59.378959300Z (135 patients)2025-01-02T05:55:59.378959300Z (136 patients)2025-01-02T05:55:59.378959300Z (137 patients)2025-01-02T05:55:59.378959300Z (138 patients)2025-01-02T05:56:59.378959300Z (139 patients)2025-01-02T05:56:59.378959300Z (140 patients)2025-01-02T05:56:59.378959300Z (141 patients)2025-01-02T05:57:59.378959300Z (142 patients)2025-01-02T05:57:59.378959300Z (143 patients)2025-01-02T05:57:59.378959300Z (144 patients)2025-01-02T05:58:59.378959300Z (145 patients)2025-01-02T05:58:59.378959300Z (146 patients)2025-01-02T05:58:59.378959300Z (147 patients)2025-01-02T05:59:59.378959300Z (148 patients)2025-01-02T05:59:59.378959300Z (149 patients)2025-01-02T05:59:59.378959300Z (150 patients)2025-01-02T06:00:59.378959300Z (151 patients)2025-01-02T06:00:59.378959300Z (152 patients)2025-01-02T06:00:59.378959300Z (153 patients)2025-01-02T06:01:59.378959300Z (154 patients)2025-01-02T06:01:59.378959300Z (155 patients)2025-01-02T06:01:59.378959300Z (156 patients)
AvgWaitingTime,BedUtilization,BusierTimes
795,100,2025-01-23T12:28:26.172132Z (0 patients)2025-01-23T12:29:26.172132Z (1 patients)2025-01-23T12:29:26.172132Z (2 patients)2025-01-23T12:29:26.172132Z (3 patients)2025-01-23T12:30:26.172132Z (4 patients)2025-01-23T12:30:26.172132Z (5 patients)2025-01-23T12:30:26.172132Z (6 patients)2025-01-23T12:31:26.172132Z (7 patients)2025-01-23T12:31:26.172132Z (8 patients)2025-01-23T12:31:26.172132Z (9 patients)2025-01-23T12:32:26.172132Z (10 patients)2025-01-23T12:32:26.172132Z (11 patients)2025-01-23T12:32:26.172132Z (12 patients)2025-01-23T12:33:26.172132Z (13 patients)2025-01-23T12:33:26.172132Z (14 patients)2025-01-23T12:33:26.172132Z (15 patients)2025-01-23T12:34:26.172132Z (16 patients)2025-01-23T12:34:26.172132Z (17 patients)2025-01-23T12:34:26.172132Z (18 patients)2025-01-23T12:35:26.172132Z (19 patients)2025-01-23T12:35:26.172132Z (20 patients)2025-01-23T12:35:26.172132Z (21 patients)2025-01-23T12:36:26.172132Z (22 patients)2025-01-23T12:36:26.172132Z (23 patients)2025-01-23T12:36:26.172132Z (24 patients)2025-01-23T12:37:26.172132Z (25 patients)2025-01-23T12:37:26.172132Z (26 patients)2025-01-23T12:37:26.172132Z (27 patients)2025-01-23T12:38:26.172132Z (28 patients)2025-01-23T12:38:26.172132Z (29 patients)2025-01-23T12:38:26.172132Z (30 patients)2025-01-23T12:39:26.172132Z (31 patients)2025-01-23T12:39:26.172132Z (32 patients)2025-01-23T12:39:26.172132Z (33 patients)2025-01-23T12:40:26.172132Z (34 patients)2025-01-23T12:40:26.172132Z (35 patients)2025-01-23T12:40:26.172132Z (36 patients)2025-01-23T12:41:26.172132Z (37 patients)2025-01-23T12:41:26.172132Z (38 patients)2025-01-23T12:41:26.172132Z (39 patients)2025-01-23T12:42:26.172132Z (40 patients)2025-01-23T12:42:26.172132Z (41 patients)2025-01-23T12:42:26.172132Z (42 patients)2025-01-23T12:43:26.172132Z (43 patients)2025-01-23T12:43:26.172132Z (44 patients)2025-01-23T12:43:26.172132Z (45 patients)2025-01-23T12:44:26.172132Z (46 patients)2025-01-23T12:44:26.172132Z (47 patients)2025-01-23T12:44:26.172132Z (48 patients)2025-01-23T12:45:26.172132Z (49 patients)2025-01-23T12:45:26.172132Z (50 patients)2025-01-23T12:45:26.172132Z (51 patients)2025-01-23T12:46:26.172132Z (52 patients)2025-01-23T12:46:26.172132Z (53 patients)2025-01-23T12:46:26.172132Z (54 patients)2025-01-23T12:47:26.172132Z (55 patients)2025-01-23T12:47:26.172132Z (56 patients)2025-01-23T12:47:26.172132Z (57 patients)2025-01-23T12:48:26.172132Z (58 patients)2025-01-23T12:48:26.172132Z (59 patients)2025-01-23T12:48:26.172132Z (60 patients)2025-01-23T12:49:26.172132Z (61 patients)2025-01-23T12:49:26.172132Z (62 patients)2025-01-23T12:49:26.172132Z (63 patients)2025-01-23T12:50:26.172132Z (64 patients)2025-01-23T12:50:26.172132Z (65 patients)2025-01-23T12:50:26.172132Z (66 patients)2025-01-23T12:51:26.172132Z (67 patients)2025-01-23T12:51:26.172132Z (68 patients)2025-01-23T12:51:26.172132Z (69 patients)2025-01-23T12:52:26.172132Z (70 patients)2025-01-23T12:52:26.172132Z (71 patients)2025-01-23T12:52:26.172132Z (72 patients)2025-01-23T12:53:26.172132Z (73 patients)2025-01-23T12:53:26.172132Z (74 patients)2025-01-23T12:53:26.172132Z (75 patients)2025-01-23T12:54:26.172132Z (76 patients)2025-01-23T12:54:26.172132Z (77 patients)2025-01-23T12:54:26.172132Z (78 patients)2025-01-23T12:55:26.172132Z (79 patients)2025-01-23T12:55:26.172132Z (80 patients)2025-01-23T12:55:26.172132Z (81 patients)2025-01-23T12:56:26.172132Z (82 patients)2025-01-23T12:56:26.172132Z (83 patients)2025-01-23T12:56:26.172132Z (84 patients)2025-01-23T12:57:26.172132Z (85 patients)2025-01-23T12:57:26.172132Z (86 patients)2025-01-23T12:57:26.172132Z (87 patients)2025-01-23T12:58:26.172132Z (88 patients)2025-01-23T12:58:26.172132Z (89 patients)2025-01-23T12:58:26.172132Z (90 patients)2025-01-23T12:59:26.172132Z (91 patients)2025-01-23T12:59:26.172132Z (92 patients)2025-01-23T12:59:26.172132Z (93 patients)2025-01-23T13:00:26.172132Z (94 patients)2025-01-23T13:00:26.172132Z (95 patients)2025-01-23T13:00:26.172132Z (96 patients)2025-01-23T13:01:26.172132Z (97 patients)2025-01-23T13:01:26.172132Z (98 patients)2025-01-23T13:01:26.172132Z (99 patients)2025-01-23T13:02:26.172132Z (100 patients)2025-01-23T13:02:26.172132Z (101 patients)2025-01-23T13:02:26.172132Z (102 patients)2025-01-23T13:03:26.172132Z (103 patients)2025-01-23T13:03:26.172132Z (104 patients)2025-01-23T13:03:26.172132Z (105 patients)2025-01-23T13:04:26.172132Z (106 patients)2025-01-23T13:04:26.172132Z (107 patients)2025-01-23T13:04:26.172132Z (108 patients)2025-01-23T13:05:26.172132Z (109 patients)2025-01-23T13:05:26.172132Z (110 patients)2025-01-23T13:05:26.172132Z (111 patients)2025-01-23T13:06:26.172132Z (112 patients)2025-01-23T13:06:26.172132Z (113 patients)2025-01-23T13:06:26.172132Z (114 patients)2025-01-23T13:07:26.172132Z (115 patients)2025-01-23T13:07:26.172132Z (116 patients)2025-01-23T13:07:26.172132Z (117 patients)2025-01-23T13:08:26.172132Z (118 patients)2025-01-23T13:08:26.172132Z (119 patients)2025-01-23T13:08:26.172132Z (120 patients)2025-01-23T13:09:26.172132Z (121 patients)2025-01-23T13:09:26.172132Z (122 patients)2025-01-23T13:09:26.172132Z (123 patients)2025-01-23T13:10:26.172132Z (124 patients)2025-01-23T13:10:26.172132Z (125 patients)2025-01-23T13:10:26.172132Z (126 patients)2025-01-23T13:11:26.172132Z (127 patients)2025-01-23T13:11:26.172132Z (128 patients)2025-01-23T13:11:26.172132Z (129 patients)2025-01-23T13:12:26.172132Z (130 patients)2025-01-23T13:12:26.172132Z (131 patients)2025-01-23T13:12:26.172132Z (132 patients)2025-01-23T13:13:26.172132Z (133 patients)2025-01-23T13:13:26.172132Z (134 patients)2025-01-23T13:13:26.172132Z (135 patients)2025-01-23T13:14:26.172132Z (136 patients)2025-01-23T13:14:26.172132Z (137 patients)2025-01-23T13:14:26.172132Z (138 patients)2025-01-23T13:15:26.172132Z (139 patients)2025-01-23T13:15:26.172132Z (140 patients)2025-01-23T13:15:26.172132Z (141 patients)2025-01-23T13:16:26.172132Z (142 patients)2025-01-23T13:16:26.172132Z (143 patients)2025-01-23T13:16:26.172132Z (144 patients)2025-01-23T13:17:26.172132Z (145 patients)2025-01-23T13:17:26.172132Z (146 patients)2025-01-23T13:17:26.172132Z (147 patients)2025-01-23T13:18:26.172132Z (148 patients)2025-01-23T13:18:26.172132Z (149 patients)2025-01-23T13:18:26.172132Z (150 patients)2025-01-23T13:19:26.172132Z (151 patients)2025-01-23T13:19:26.172132Z (152 patients)2025-01-23T13:19:26.172132Z (153 patients)2025-01-23T13:20:26.172132Z (154 patients)2025-01-23T13:20:26.172132Z (155 patients)2025-01-23T13:20:26.172132Z (156 patients)
